Ch1_Delta,Ch1_Theta,Ch1_Alpha,Ch1_Beta,Ch1_Gamma,Ch2_Delta,Ch2_Theta,Ch2_Alpha,Ch2_Beta,Ch2_Gamma,Ch3_Delta,Ch3_Theta,Ch3_Alpha,Ch3_Beta,Ch3_Gamma,Ch4_Delta,Ch4_Theta,Ch4_Alpha,Ch4_Beta,Ch4_Gamma,Ch5_Delta,Ch5_Theta,Ch5_Alpha,Ch5_Beta,Ch5_Gamma,Ch6_Delta,Ch6_Theta,Ch6_Alpha,Ch6_Beta,Ch6_Gamma,Ch7_Delta,Ch7_Theta,Ch7_Alpha,Ch7_Beta,Ch7_Gamma,Ch8_Delta,Ch8_Theta,Ch8_Alpha,Ch8_Beta,Ch8_Gamma,Ch9_Delta,Ch9_Theta,Ch9_Alpha,Ch9_Beta,Ch9_Gamma,Ch10_Delta,Ch10_Theta,Ch10_Alpha,Ch10_Beta,Ch10_Gamma,Ch11_Delta,Ch11_Theta,Ch11_Alpha,Ch11_Beta,Ch11_Gamma,Ch12_Delta,Ch12_Theta,Ch12_Alpha,Ch12_Beta,Ch12_Gamma,Ch13_Delta,Ch13_Theta,Ch13_Alpha,Ch13_Beta,Ch13_Gamma,Ch14_Delta,Ch14_Theta,Ch14_Alpha,Ch14_Beta,Ch14_Gamma,target_workload,rating
16538.261369474683,320.9735561352821,34.919678936915766,2.7969693598548013,1.0276317008917648,5404.5105217845185,43.682709582587776,6.46047510894548,1.672901544232791,0.9285477934768369,445.9315150718558,10.602806618203996,2.1588303312501784,0.8570735602655487,0.5446702128220116,3169.848214175145,22.62867243071432,5.4899906765239574,2.248076022785163,1.3995014892368955,577.2307022361595,7.109799496436151,1.442913723127596,0.5818941178186751,0.3091807852087226,749.0476179649269,7.437528831935186,1.7081364580612666,0.676104004172351,0.4974012435704354,736.3696696166758,10.14962039317129,2.714226181383833,0.9254598247152446,0.5161688607630041,506.47115713695877,10.39787985723702,3.0169111078057393,1.0709061208864248,0.6428016819678294,494.56430653640354,11.08832679126722,3.247977736522242,1.085404613329195,0.6605716543144354,502.9435787882584,10.295578364168572,2.8193377133794435,1.0492082246636718,0.5805344645933372,696.981633801871,14.728643777224342,3.1914981639450617,1.2864160606465673,0.8109489190502103,1536.9199069755052,19.46635233533234,3.0781809005937557,1.1247561683817275,0.6464277310863891,4881.599445555317,92.42689535519017,13.85245143472428,2.1337168235103254,1.0346815410622563,1315.320457786911,33.71355503867942,6.520490743503928,2.0451095550686103,1.3559226516275165,2,8
1033.393967851403,17.082677303242026,5.541716723321409,2.481416964523033,1.9725144793217866,2420.1203827873487,29.915103705755218,10.688565469272163,7.746201778191907,6.393787570429076,412.03257705717783,8.209233689621888,3.432137633265705,1.4203409606191353,1.0673909444556653,439.14245363012907,11.17989690003221,4.459544919660164,3.567015928859142,3.5292826110030586,6004.580372700548,138.89583108802117,46.997779524438904,12.777834240980942,5.341394911988365,136.99127222908186,3.0989842547104125,1.0955165661154633,0.3914954800677054,0.2780344146185345,329.5627294495608,8.295875472437226,3.2540537332728108,0.9889194715685871,0.5097208264833258,375.56076028039195,10.788284470841184,4.777930721535498,1.7788166226046676,1.0295635305328312,352.69742346052,10.942553035961664,5.352646755821106,2.410535121734646,1.8462461189360002,445.2698579117508,13.85323496876859,7.525069091358694,5.434529894519945,5.179499380747948,1061.0636699893746,22.376700960984792,7.998568533537315,3.433698209910308,2.4589557636749317,379.1942873369704,6.749297779973966,3.0320245393261973,1.1736410472619487,0.74795514061071,1365.0086929652489,48.26535875069041,14.08853430596775,4.577337573589418,2.873819802462881,659.7395240965034,21.871801499796582,6.402724272166163,2.1934805211762614,1.3871816649458362,0,5
326.22029381117625,19.473113077777455,13.200815696145666,1.8619486346657887,0.4323433410828941,598.1850130473115,14.501249324851576,8.905885768010945,1.5391199275753078,0.42219180567312414,117.23441633419802,8.22004759374618,11.509830854154284,1.6085053222258736,0.3340554837420438,433.31269972383734,5.3269351969617595,6.442563053805663,1.2142729320852799,0.35156694310993214,345.2508519504428,2.3962524339761395,2.4756100028898156,0.5905914476898467,0.21988717871619015,87.56972137086665,2.5577784276969506,7.4688236926656595,0.8740164887601188,0.37354575637706366,179.16731855348087,4.686409353124834,12.096352140791252,1.0378404987931649,0.23411561527516278,421.19955133633607,9.538097636665846,21.096598347078515,2.2598598903089346,0.38607724453993203,440.57022307285615,9.280158913083744,17.5554638325064,2.345891750906888,0.5406825073692824,465.5831799265854,11.848701648892066,16.027387270388576,2.3143745230258,0.516994269488591,939.5026426724861,17.113936359798128,16.13162373706739,2.3943021307486445,0.5939876115916896,313.63519724315756,10.53608653592587,14.475731953128632,2.019937995230693,0.4198885873409074,1469.9242525269817,29.330018559353675,18.660739392022183,2.8850026995620537,0.9121285660100087,325.55469549208493,10.733794753151422,12.47875331887048,1.7550931387670232,0.3889286392459676,0,5
5895.328574887715,21.440842001371635,3.574871991707658,0.7840059879994926,0.2608749987941176,127.44579572792078,9.12676908262612,3.387928398727503,1.1672667051165646,0.678646844244369,86.29614943122868,4.188797410281999,3.9176557880495326,0.994988539140448,0.4971638466420064,930.4842486189622,13.271314352408295,2.5912980690540985,0.781047876451195,0.4584582021087454,2209.262615447031,23.86276280973267,4.149971082539544,1.64895814553894,1.449588148356135,103.68060881297463,2.893727187295259,1.2527048976273554,0.5726068710976578,0.3348648131958206,111.58403683769359,8.587497748653998,4.477160926179106,1.2224469348567557,0.5409049107405822,91.0452422768852,6.943574961849781,6.007615922138037,1.7420830959487656,0.7346605106662096,66.98378727271037,5.367457396498787,2.888518847492114,1.0063538739757614,0.5081181956738264,411.80216124668556,8.133117539460173,5.49397698843262,2.067295531912484,1.1377709463618262,1090.1033596293148,33.68274494970852,10.051864652087223,2.3184292200676206,0.807640428184528,91.31490984315143,5.86299374857699,4.349925150711241,1.1329929977803936,0.5306442544742396,504.7796237995568,16.274472820456754,7.912207453476618,2.2427066335580808,1.0363008889078829,204.723285788827,12.904450566256164,6.845579501278863,1.7239220185272248,0.7638627090550274,0,5
528.7132214544218,21.03825658888383,2.9705352118272583,1.4317583866832397,0.6242326634709304,297.29413971287386,11.59916071777671,2.8232683439578286,2.49062948651496,1.096121238675706,42.36361666567926,8.04434241903158,1.6800182198303388,0.9213089087223123,0.4159387358768413,323.0222012342268,45.456629621423055,19.661063336330297,6.701000272523284,2.1602789271993084,11.718923282646832,1.4752653479492237,1.299937981246058,4.074843330691582,2.256455719149813,18.551169647189322,1.7310127279340854,1.0305911587906889,1.0550280523782503,0.5441704269339047,86.22009423752753,6.202905343426542,2.72481008371274,1.1160400824141412,0.4855326541468726,33.12879868590407,3.486628380947146,1.9757677252423542,1.1938383908898151,0.5518426917713509,62.871315581767796,2.8426557167860205,1.4023687771798494,0.9309306164820061,0.4723635912110351,95.90912835174392,5.907721899831701,2.9895345136048905,3.2703741767874415,1.7358359059565103,583.5482387972727,16.45337175311475,3.540339061145316,1.8155243986347243,0.7950889166078002,99.92121463163903,12.181647831977456,2.5424692013133234,1.3142064490471306,0.5755924836522291,907.8089457400711,30.151710923340595,5.989936422119615,2.516206499648359,1.0864539518680327,160.02674501379656,18.112106600781765,2.9111405797834635,1.4738674539564922,0.6711129680458571,1,7
4506.852535091777,481.20704071377054,216.92653892698397,53.21874452775255,7.367164078901405,209.26577597600962,6.68430848145839,2.009711245311685,0.681906424460165,0.3798183483677484,27.69702107989834,3.949895239675178,1.8967864927118916,0.6168012341196808,0.28503832434143284,238.1111640077608,4.879469202484686,1.9327791293744625,0.6718749445149578,0.3119491222694306,25.633991243517176,1.5202155873510614,1.0661448552502626,0.7605620920591686,0.6112116889491961,14.539499433486174,1.7228624714223644,0.9530470588880321,0.43173134735183216,0.2210543194904642,42.84581936363976,5.963844990808843,2.7967212237363728,0.6727036942843473,0.26311558162326315,267.2043617027293,6.9763129437923865,3.228488690418065,0.8097230828923252,0.3024736488197986,636.5024714879529,16.52526291227064,4.673809029804252,1.1732084543802188,0.37133990633599345,1070.0441259685922,8.324748867257712,3.604499389506145,1.351018149537232,0.6677237922255409,382.77521364388514,12.917955168873357,4.201803274894402,1.1254761405419398,0.417052473671319,108.21721678687229,7.723935908644218,3.154748747076158,0.8710936071748243,0.3186927274119646,828.3211862219543,21.25278368887277,5.516865295141733,1.3235775019604414,0.4318176651574423,93.50925025350945,7.80460568016677,3.0076962571876957,0.7999647594205458,0.3084942476884143,0,5
204.2919953760258,19.143703195526722,3.3553780915138574,1.4316075062935647,0.36475345499771394,397.6852802992872,18.877142051564363,4.498391629207744,1.1092734829323443,0.4530578445307422,10283.573660159816,102.86419713740811,23.18387822489852,3.533949403084324,0.8864189440055794,63.3720319593181,5.170098917952413,1.4938163363201227,0.5409625262954195,0.289614624728965,164.35517798706277,5.052608466737496,0.9836607795969705,0.5674108978178585,0.38939921362291713,12.532338708425957,1.890043328882624,1.0334269042743924,0.4370159235870934,0.24193678813177125,559.032818605199,179.0453202087906,93.22553546223425,20.881671690470338,3.64912420870593,40.31215170412426,3.9401218515797427,1.9154341876572192,0.6421537193602453,0.30387713018541307,65.56062002559266,5.577559609942581,2.7417928500663216,0.9586843313747829,0.49215656525700535,130.1196762223479,7.170816315354241,3.0487816724583383,0.9808060993204569,0.47002593091137085,320.0390821835242,15.956221529967896,4.865440722183191,1.0758025823685013,0.4318675274427506,1101.5100929289522,76.56335454026436,38.687512231125574,16.680747075833015,7.840888453361372,562.8912171201899,26.775884461506408,6.716799380393781,1.294911497824756,0.508369726839422,627.7020827517799,32.36341631717343,6.695999554102684,1.3781809526556965,0.4686978549983464,1,7
80.1173729904511,8.491501041526293,6.546864162611072,1.2683245184957366,0.2275263196200076,114.93553939314914,7.114844089250718,5.034106448263751,1.1033739546904053,0.3515719610233792,38.90766169158779,4.318925555455386,4.267881439337451,0.9535385569323791,0.18277728749835995,1803.069557355755,10.224728070137983,3.889975983099927,0.8344681767320364,0.2706801665394196,52.34554223458288,3.041982202984289,1.9736233229384497,0.5543527246391201,0.24593031109584915,32.57647670791371,3.372947946319004,3.9309058640623835,0.6897004910694913,0.20203701054899575,326.0677946551171,18.224361498721105,11.937962102783406,2.8783899061199834,0.8272946418896749,58.95175400990473,9.523081820491775,16.33717945518197,2.0942209872783377,0.30984495810595253,60.19797536139798,9.642421176034983,17.269132100380727,2.1358635301427658,0.26924602672203335,1003.7039782133627,24.83340168669216,15.459059603056888,1.7474589622842622,0.302898089732983,166.4282408435074,9.840542566138879,11.562100507444772,1.5134142028699349,0.2765232601147948,201.97741128203492,5.937310656754985,6.997465458163398,1.1484693712007292,0.18660920212470447,988.3466878035027,20.57662713297616,12.293907278462138,1.8169163235816146,0.4247207446465549,88.9931370239397,10.227720018994692,8.823426597601939,1.4544360701925194,0.2580843130335525,1,7
222.0831133181782,5.596787008695261,1.4219785198245745,1.2622142848750157,0.9808613650730504,1004.2652137658304,14.390270862267139,2.1784390972348877,0.9785355656308791,0.6662199433720599,27.825372322619387,3.613035743336761,1.0792762935220919,0.48769020166472865,0.2981227345117805,87.71083258408454,4.410538531703505,0.7377122903757399,0.4006412063151465,0.27946130284068915,49.806539733125504,1.6348352479012995,0.6108027562771244,0.3134710166559273,0.20379227041922413,34.09121959462225,1.943077044489356,0.6867983724915173,0.2979808242094502,0.18345816980268403,30.23115646807753,2.419724657117903,0.8356578581859886,0.354398767286861,0.21542333137322967,48.300979118083475,4.568699980920743,1.550389142218321,0.5427424513130513,0.31168508060362227,45.39838039133031,3.0756972278035537,1.128362526468417,0.4591369794899623,0.2630108217459892,60.171260887671046,6.639923213897338,2.2563850389445985,0.8722654912207604,0.4250555165837054,77.4829367408452,7.533814167095664,1.898174480556422,0.7492678771863002,0.38000139881910355,496.3622095603549,32.25390029324762,9.430428936197767,2.149730454259517,0.6574061927719586,1448.7638123794827,27.377696649518494,4.8188842058424575,1.8353742620957068,1.004328048560426,109.2483292260885,15.50754380859347,3.488862996405682,1.8165994557859997,1.1021687641514832,1,6
1639.7639243380668,10.247882311978481,4.697152389758686,1.5215632947481506,0.8702694084304123,1597.266725115299,9.678731835127799,3.562118718047636,1.4605646638925827,1.035575321830446,144.76781211319857,4.1481603935192455,2.5613479033146733,1.4269159091976256,0.9329680543358224,93.17087067769138,2.5663448129370523,2.218437672860821,2.9274329871148446,2.7114067261395713,6780.581901818323,52.76427124020188,5.259262989142328,0.9313597827635515,0.619037770903762,41.83627540500814,1.997258870134274,1.5803241168199458,0.7526636653701672,0.5563662921814906,47.55325898666402,3.2526794451092282,2.557758359115555,1.1796747640952474,0.825707356418443,44.6300061701557,4.834439560229016,4.3855465453534315,1.3062037298555795,0.6822263760218493,52.24143876921277,5.548910113898656,5.362232137690731,2.0976873810636247,1.2003801790597726,5647.824630225459,77.6942359419559,13.512630619034264,2.6101972977691785,1.383887106842238,88.19416528481084,5.01617605001975,3.753380489525522,1.5520619401326408,0.9171412717628225,142.42714899599554,4.186263602200585,2.504629902735208,1.0807645796238805,0.5941752280852381,550.8206445284143,6.819274676449474,3.2675132808813045,1.2169354563074433,0.6527044733979168,487.2910413102677,10.949321974002608,4.1245911814023755,1.5589474187196088,0.8541095512397837,0,5
2460.2317638953186,28.11124567148146,5.783398811160944,1.727290422885696,0.8723833880447177,1425.9049789327564,13.937575278703086,3.908078494285833,1.0056082760205969,0.41667534346882484,841.169582059992,6.808423112914897,2.634842259787706,0.9495996165605292,0.40553276446347875,1228.0256122790993,5.5351603042599145,1.8107611174300855,0.7015090751737446,0.3550521227215357,1332.0492967409516,3.3266041052108917,1.2460206893164232,0.5525664468934137,0.3559068559161637,1284.2666605211596,3.384861916226158,1.145143883461258,0.47557573953203036,0.24929507972895099,905.0705032175656,5.805872172650625,2.17432953681205,0.7839997295826272,0.34381740824682633,1977.4984352117776,34.118422704817654,9.189115474997445,1.8864367224449556,0.5043153945905234,1272.162896421431,6.158361637577422,3.938175865322248,1.2004847087159545,0.43509876488239557,822.0968085246254,10.393323683984654,5.964099355960289,1.7750058519225729,0.7003552963562975,1019.9864995351771,16.252611155120764,6.315188879688338,1.6720967520126557,0.6282010321184619,688.5740993464793,13.623158503498017,5.93515024211382,1.8819831570085968,0.6740717191692619,1978.9087448841349,28.787175794082778,8.867708383030786,1.7794474799374684,0.593226913373499,2270.7497383476893,59.47482149582658,18.174660874066415,5.964915114693191,2.2233055033530644,1,6
12205.030979605077,913.5457672030071,575.2898537271524,97.38436731434446,17.819298782368534,6616.090184388424,138.41042100618418,72.50062180864857,8.222997801090415,7.872345353996172,2900.5275510670663,784.7603106987101,379.2666749576396,35.56312909897438,10.58469458865847,9743.404683778817,453.40811534303054,149.12869979896578,28.503483860521673,7.5201346743731525,5516.752614942292,313.78668263634063,174.36351730335153,25.195210848312964,6.238276565291186,8827.379181386994,2696.1910369486063,583.1266073178141,76.25084962747142,27.65740864686665,6487.212396915418,1445.3093462995105,1084.965806975387,159.09681050615848,22.84072298504451,7895.969556920615,2019.5750381233286,911.6180523377919,166.20574029888252,59.41507181020971,7694.800219309142,2549.4312170124635,1607.4812750906442,299.9271875275742,72.53690275251836,18029.85476836702,4802.447132946788,1575.7898272348314,332.37620711533447,114.0513081353114,21847.505600145618,3735.78350706988,1202.318389083621,277.5135730246514,146.22972333238835,8441.04693392882,3578.651932162648,1239.0582942345782,266.68430565156615,77.56160877157293,16132.250069707477,2168.025966175279,829.7969716291699,175.58612987420028,89.08731898666032,15516.012447010422,1329.6817033217096,854.1992057632123,197.5498345681353,51.24438674624563,1,7
472.38636649610896,5.050136910733685,2.465330144376122,0.9202340060257453,0.5235797555786765,1179.384068852413,18.974287025912687,5.394470879786096,1.2527465832544775,0.638566445198483,151.7331186995076,5.42873596023382,4.9568526403271145,0.7701749746414414,0.2746293675314574,439.6444468049651,9.908115151864653,1.4979093967274457,0.314040580097239,0.150719942482916,117.12638621170791,2.796724724826516,1.7595535310304733,0.48084646413341303,0.2509216610255708,101.95805669352971,1.9624753999780455,1.031588527161109,0.3081119247427271,0.157673283525874,145.94611888039296,4.060377618199298,3.143028518925183,0.5919376529307924,0.20378013559764785,186.53505309017854,6.749575457385429,7.738438309636143,1.0237201471157018,0.30288704173997744,6.126143242684316,0.15896892784969685,0.14397126017086048,0.07736426063265753,0.08136428529239134,202.86040947681968,8.45365473334385,8.836056346257775,1.300544329321792,0.6626762257278347,199.81040699433845,8.070552462506033,6.3044111753420395,0.8635492586417006,0.36147127043586946,90.03709286889026,3.690997006855436,3.4658884689156007,0.5282703402761959,0.2173179363163244,536.6614611011477,22.427468032669708,12.452552993465462,1.6611614099635816,0.6762231119798082,213.53833947008246,12.046515697978643,8.295773678997175,2.4647402473179056,1.4313448896412944,1,7
245.50619774844466,6.697751035032908,2.140775475254276,0.7105410136668823,0.2872920058896465,273.62150553405303,6.75351216703776,2.0609724873285495,0.6317158925276861,0.2666774764310055,179.85149969331707,3.47580708924075,1.8068804753790457,0.5839985893651375,0.24438733938629167,579.270397149804,4.056566951579199,1.3443863525387667,0.5014356170664089,0.24115150435077087,177.1552402144067,1.8890308084620746,0.8469354257207555,0.3673981863116628,0.19982875969868222,104.75250470247781,1.6063828942242115,0.8159202886704314,0.3511370469615305,0.15727105160220944,208.3506569899105,4.020320961729247,1.6533261661113654,0.5684568055204007,0.2258073448161123,163.45800039919754,3.8400164520857802,2.0388011807529542,0.6303906250986339,0.2604388878860734,131.14354665740416,2.6158567709337874,1.5912676302117326,0.5618793507894956,0.30844066626323796,383.9275671844285,6.557864809552523,2.9559147514672683,0.8413471585316294,0.39000855585037936,290.29781858297895,8.319051097267867,3.0390528943650437,0.8145335554512123,0.3489258255067151,327.50955994163655,8.782524323798388,3.439405205626698,0.8890861153787475,0.3220311678674979,647.5040647291353,15.699654130454446,4.347831376950068,0.9131505642320148,0.31688027914461087,360.7407865454464,8.235573415212185,2.593451781592377,0.6923046164015844,0.27242476070065924,1,6
243.77934383854378,26.39420084281009,7.303434357401826,1.6482590866551503,1.230969424359541,5234.465592061018,42.832548163805406,14.143132445736553,6.304842928719989,6.857782238644074,358.4578590198114,10.26281879357716,4.661648313777825,1.4109915872701486,0.8345182411490655,205.352391871298,8.587406691685752,6.320180257663775,4.567187110605362,4.75145725731736,1090.0121305830737,12.030550392135469,8.13961635147902,4.581753429979922,4.576036837875682,133.82346502621087,3.449198773029094,3.290144849593054,1.5873978739035348,1.6543962035496114,57.58413856065631,3.853758096314813,4.692173804033454,1.8531740736571969,1.91626352761564,93.25162776739734,5.769340177773482,8.143836050756976,2.9188044289895037,3.2489915607881086,89.5398698798621,7.158118629498066,8.294401948393821,3.3249449020278,3.7207198655553486,7514.611142955198,53.12580132441253,17.612873933491176,8.34923279767915,6.193147859632315,651.9611078176898,17.294159791631813,10.560996714160792,5.172571497220971,4.593960836452592,134.0910475485336,10.710793065040734,9.514262833930951,3.269277959075005,3.24710504174135,8839.426392443644,169.25425588756946,42.05011314043255,8.099106655072255,5.209060988967777,339.2971490129728,35.058591959027936,12.19958136769575,3.263900128642485,3.1197687012577093,2,9
65.65977036324314,11.854155739764556,10.329313644783578,7.210292911357525,4.194103673419685,757.9177623549068,135.82589587353277,31.98251687265206,3.303419173638979,0.8865090951297423,15.160089104630657,1.2242921442575385,0.5877041223973284,0.22071747558076796,0.10812716266921543,19.168032654031364,0.793643562210952,0.3405281293219859,0.22555084151655191,0.16109861673718046,189.44358195101316,1.958461137192456,0.8570555860589355,0.49716488358892424,0.22950157803621962,19.152716654866875,1.2717619718974145,0.6738688744321203,0.2740599823037794,0.13328671911538223,25.43347931861561,1.5565403533160138,0.9601885718243885,0.3298458287001103,0.1364805772370843,33.41855193615413,2.4113863140978418,1.919892220011907,0.4903146594567898,0.17249214239266142,38.90345282371912,1.4534980960142292,1.0183615007948161,0.27450929382570366,0.12630565220933768,63.250595176430856,3.7044047042539088,2.373645683037385,0.5889303245774373,0.21564129630343637,81.71949730046579,3.6153042116602836,1.6153936174226735,0.5619658630490919,0.23852590680189215,15.903522076243899,1.5492948998687057,0.8445573326425379,0.305418030399846,0.14685349793456784,192.69051660839042,10.804565837508356,3.456900520779736,2.0932524179142127,1.0466219409235893,28.160261245685355,2.3242595678836278,0.9134793661951615,0.37538948105313374,0.18469696656526954,2,9
149.16057744137868,11.643807823122403,2.4529378656146434,0.8613847564375927,0.32913167543364574,705.2467807675524,23.615852589668755,4.028729474979046,0.766451241347835,0.3191863988197271,142.87480428612164,3.569594021202361,1.443197294473154,0.6354886900396847,0.28088151069061934,113.8325892091303,5.799857232078937,1.5927789625526914,0.6098747995715383,0.31079964205288796,64.7824682451397,1.9448096965727935,0.9012970324153045,0.35586152422698103,0.17484333623388873,36.94625533631296,1.7115288210833937,0.795230401147128,0.39181318519176606,0.19603533761082048,53.56496929335495,4.011897116753102,1.9173881266306199,0.747426388606537,0.2893444743618449,75.48708547560818,5.168915895425994,2.736894886798434,1.027747909315446,0.3432203761359391,127.04641002637331,4.969070075290398,2.4732164517011097,0.8636743218826486,0.3400278151665463,374.21166967653136,17.70915775486923,4.84257576236348,1.2856666650705566,0.4517870129828359,422.7729002094417,18.96436980915679,4.025313342198832,1.2986992804743283,0.49909123883528167,148.87307080996518,9.05634707613829,2.5937482274636796,0.9352394423357252,0.34021585027687595,2017.1194752297376,57.9162320459902,7.2236200096757806,1.255967841542628,0.4517087522487994,527.3918032496846,22.06116565108058,4.147868711626369,1.5791584021179677,0.7260996541199909,1,7
78.00882704092037,11.84221399550749,4.200151068272661,1.0761454979559255,0.2993815110138953,112.83583763171964,10.170188696872753,3.1660109316578224,0.8962798197835319,0.336297807131897,59.757274357786784,4.384241329667269,2.051523471240615,0.504146880265611,0.22171843445271497,40.490864812522474,6.3644067204536725,2.492158008779205,0.6715101706279585,0.24443920450904275,17.92609498830222,2.6357176380823817,1.2403899479020004,0.540047646622355,0.2195544964355047,23.98061969011699,2.7382656551539624,1.8946055826760289,1.0293105078430536,0.582972739467284,43.60448363912019,7.791673021982303,3.5461352574879514,0.8373172748693708,0.23852806078137626,30.078973273903795,7.4363214423274435,3.9903874126869514,1.0263315502562491,0.2715558200730938,83.22747308714509,14.982915972422981,7.239158822482174,2.602016476303492,0.917561092817273,61.71118927200375,11.142330832168186,5.287247944285613,2.145999715806825,0.8215558269342641,134.20900076378098,13.069989469064062,4.726055724340059,1.357374868615629,0.4562372032290883,51.630230516493796,10.277447942629209,4.570167025899884,1.0040772998980034,0.27418236134364676,259.14669806230876,26.439154714941075,7.66941546610697,1.9612088919276138,0.6546927114668926,494.99908990355834,115.78822936139662,72.3214332264083,36.70776784928847,3.958283141872052,0,5
281.17015027073404,8.524600228201436,2.5715457905583623,0.5920025422643054,0.1656444861669197,4395.488190042714,150.0823455618364,40.86848289352752,8.951496948710183,1.8171315257713063,21.839516487690684,1.8457293684754639,0.9899968427970176,0.3133404182772698,0.12983366404686741,26.978599636624143,1.9863880438982333,0.6892461164554061,0.24941902885411465,0.13790582237497226,138.53399661092743,1.972605103615668,0.940479938445531,0.4096117081966377,0.23206108723317015,62.383551363752815,26.10790159145951,20.33914389673684,11.773909844804537,5.888853719632885,74.11809543367379,4.939856709905645,2.1178777425324706,0.6285468107107123,0.24882774617907916,43.02026393893764,3.5511269489157753,2.406231027799866,0.6601419920757123,0.2757575398975967,19.991567223078633,1.1142656723774704,0.9034430801626183,0.31924768916351876,0.16624317888582926,92.9430061271765,5.2712911426137925,4.661695749329538,1.463513351179522,0.5126053957111253,92.82829438273916,4.8285421864475655,2.3180136746079487,0.6938258989555498,0.2940792254126396,27.085104535760724,1.4434209520107915,0.7935580157977165,0.2376212561401624,0.10121744998927547,301.0159457509343,15.299915590404886,5.189984571282106,1.2049391805235503,0.45724495764970124,131.6517639152002,9.519096937685967,3.0161164420173407,0.6696640555707293,0.24570144263972818,2,8
1353.3259699630764,15.307220804006647,3.8857131564389946,1.3062748033738611,0.5054063316067033,1365.3642741354465,14.171809516715538,3.8888133059923478,1.093194972609865,0.44574664012794674,1142.8354453468273,10.690649587584298,2.8901661449005585,1.053850553878109,0.42937966160389657,1219.3813333084915,9.546403422820314,2.4026673509570773,0.8971681217442689,0.44052038825723894,5876.283141115135,415.0879064443855,143.60508037563298,16.365051091222508,3.51638269808049,1402.7293704744495,10.871057708437073,2.7504581316015626,0.7596999881492926,0.331929608919482,1648.4378589329344,19.01609580613248,4.706310326290522,1.4902305792678519,0.6668461195840214,1321.9246411032855,14.072653737026444,4.315391055059875,1.6315714705052227,0.8633690318039426,1338.7293797181173,14.249250557082412,4.27276739556708,1.5645041869328946,0.7750874840287991,3926.1604870930573,80.32817123770707,9.760628900227097,1.906387199689777,0.8546218781894498,1462.2143954953783,17.401025596230276,4.662927278617971,1.3847938937685431,0.6399619246871491,1370.414337112475,15.486162088705242,3.775032123823563,1.2548332572267935,0.49191475217287806,1309.2281182672289,22.45948756555425,5.680494540583906,1.4851388429267012,0.6059259672243338,1308.8445860105153,17.745742636358653,4.582891324447511,1.3838909283262877,0.5637497822778065,1,6
1645.2359627973822,22.557056789846957,8.620813376345028,1.8148917747954623,0.6225910418578892,2450.674941178429,50.478219928547304,20.571823633903197,4.146231212971503,0.9778104466049631,3839.3309557193184,27.806742438591456,6.9782645762941256,1.5279857009962623,0.3968829098855556,2091.9104771712873,36.1003632146964,5.648316146483162,1.9371467578606087,0.8308618631081456,22633.63251999292,81.10194981925986,5.442951287177373,1.4027083831292086,0.6902748567406561,54.680338758145425,5.411443464328366,2.8786002629776766,0.7359705558899128,0.31051254111066945,50.28677560184933,8.915157859396736,6.414941217407136,0.935762553380164,0.373480671710791,76.31956505101776,14.102215082034697,11.73793258721592,1.6707730124645963,0.5454264537212393,3843.91008904961,1262.3774405513714,366.2899533996217,55.99242816335646,9.403370815849426,3232.1783931012606,38.457863686348226,15.653719641826779,2.13063073057512,0.6881636311945196,969.2147187154951,82.03196914803117,50.182967430053395,20.00247241305511,7.261050553878075,472.73172631035976,20.78992257592158,11.628408609671089,2.5162126345071387,0.7225582918487116,1056.265481369934,28.43298550642538,11.559012759549935,1.7538011482771874,0.6340466735396398,2004.303419558569,17.071657959802945,7.758829291148225,1.5089929712929648,0.46236846134222703,2,8
259.1155661175444,5.288380063061059,1.5431729451486433,0.7031645850348923,0.2683366557639963,293.79579263810854,6.019461105909475,1.6663777241798412,0.616900522992384,0.2822133335932115,11567.563029326084,1567.7280924237955,604.520678029796,138.7817317799941,30.204846677325342,172.56418148655789,2.3423346818943065,0.9824308612611587,0.46066766954797406,0.2305872861848014,230.05208329966143,1.749764119476112,0.8058149107086942,0.35873824935138926,0.21033965426084525,328.8934134639217,1.8143933499689615,0.8436404254642873,0.36848595403615897,0.17677693118798632,243.28726431334735,4.974533011999487,2.5752656833034915,0.6058162412463615,0.17590524074744032,384.8068867376622,5.011991979043328,2.243443298211561,0.7722847865343921,0.2240158905168024,597.4771810849332,4.456590053389828,1.8168315844168283,0.757826264886756,0.29763019390619183,642.7277598332828,4.913944407024876,1.990832193526945,0.7704587271537469,0.2964816457617168,379.1105127992462,8.65056365658959,2.886401895877587,0.8703360988632015,0.3372296831464078,4540.919880085284,327.01680578757407,143.24861369611452,20.755200362756334,2.3770308534247895,545.9950107344599,14.40772763805489,4.053331975926814,1.0173594757717888,0.3446350333123315,373.4641222864324,5.986164984962887,1.8777199606677728,0.5844960149075442,0.2176781553548684,0,5
344.240059348029,17.280827839019132,5.205378223318494,1.038685189132848,0.30162595444876084,3253.808076637993,50.87655498594649,11.321377873113601,2.2303190781534057,0.9382828692055588,4255.5501857187555,190.64653307293372,56.48830032369226,9.313830689809672,1.7283692780375692,198.32598587659984,27.1459492769854,8.12732477189724,1.5764512879612012,0.5661417554061321,257.04255113413717,29.221595180337502,9.019794393327523,1.5128593307894724,0.4911159203697933,188.10908329686177,27.622248362830213,8.329777014397171,1.5239019116863646,0.5032075305248143,2917.971719764771,176.24210047669365,85.11419501426182,18.674593905499748,1.9514151758462164,246.42407526400987,31.40558370114349,10.912119889157863,1.9295547812060445,0.6075320337351828,338.5930208036135,66.81286963501057,22.977836992759272,4.770545125102839,1.397724458381776,283.3286912910936,38.320316107379014,15.747028754503871,2.260402801329252,0.6815376941917122,222.91603592419403,27.98917031405712,9.27905121981806,1.683377911288029,0.5277455468413575,163.27078696793458,25.594098570865377,12.777251466237475,5.872180810224023,3.518189413516089,330.3117856113465,34.96151446159281,10.943189411311838,1.9838624812024241,0.6230443286364572,345.5218744179651,19.247676867506563,6.273623693190754,1.1656117352371018,0.36331494090409466,0,4
71.25587478567633,5.99432852691045,1.6804003768516458,0.6276779619914051,0.37398945835289915,732.8728353054764,12.921022896586116,2.520491100337745,1.0057924883018245,0.5289797383102642,39.49526840917928,3.520569427704226,1.8923824822236661,0.8240321645507606,0.4395784574755432,27.73401269396129,1.4076104813605679,0.705638955466381,0.7390114838783589,0.6340423094581333,76158.442704176,3409.5316215661223,562.0067680372796,79.16478508732195,7.8813003826019,10.558430888482302,0.6819704073544267,0.4000148912929642,0.19681998049030827,0.14982315414801195,177.2529306304748,25.307899829073072,11.042717531942303,3.455471439662553,1.1079093500651978,35.71900560341646,2.9451597654522046,2.133077149775382,0.6358121983223892,0.3194366198218633,109.67928909333175,3.8819004353405355,2.102973823729345,0.6378295982961971,0.34670889946962097,62.03866057868976,3.3335762069245405,1.916209957667113,0.7095320403379854,0.5237430175837069,4084.9412678540975,6.835367225178487,2.5355117658161133,1.3713727731206238,1.3732920713254637,63.50380011264371,3.371257700067234,1.4589604954484052,0.7115574049900676,0.7504939570164998,192.16878763617305,8.096073214122182,2.8094828336849536,1.1000739334580336,0.9488826018670202,133.7822618863982,9.061649038915851,2.3823502942713746,0.9155050746798215,0.7560189950533315,2,8
3252.5656494437744,32.25001680798751,8.814530004704919,3.9388772844212068,2.646757827720945,2117.948139726569,35.76865114802226,7.3051418452627,1.763805628019612,0.8777166631307971,8114.939701635367,709.9125757261562,252.2922681721416,49.62939357113096,10.68827074304077,1199.5259806993536,9.338793333004121,3.490227195795425,1.7217986067396613,1.1923799845724161,673.0450995500455,3.3941601261949756,1.19444330359248,0.37613185180440034,0.212839342407158,838.8083209330429,2.4166195157238013,0.9850089869375079,0.40606552221469705,0.23021322058445529,797.2061187885911,5.2926761437781416,2.6538562109517625,0.861331674549872,0.45338246483844236,845.4063405320472,11.206806293262657,6.0039836277810315,1.5368799263038906,0.7418081375272234,943.5440228096638,12.737154183858253,7.594583149971475,1.904052200382018,0.9084340936201015,1338.7121242461265,16.618957278358213,9.536868388399206,2.2936717351138305,1.0328338915167081,1516.039605740487,32.353329235550945,11.838682418002861,6.252859102548003,4.785606353595367,1055.5271723757955,20.039364945598557,7.854660201655361,3.6441506941874025,2.605858489872802,1871.6380712775347,64.85962994742131,18.427682875759594,4.1427655874707385,2.3205138936292067,6717.9056635560455,67.09104468609151,16.554430001528797,4.322285734519478,2.5104714839086872,0,4
128.39899923457054,7.20934825398344,1.4908805378159895,0.5730327662686427,0.35420850199856213,3039.0969660828414,56.75053439119472,8.23163002629086,3.0291466139758456,1.1036476796202213,134.7804321799522,7.591939476897323,2.3251418057374997,1.097201289511829,0.6015069954075457,167.24500062792833,7.375681833904014,2.903459375870332,3.0608952762495183,2.288510585237437,839.3322181987755,3.5825192724993022,1.4614610185611965,2.185292438632851,1.4896322512574558,115.73248029640493,2.6635189930056438,1.2463947486949738,0.7658901667889997,0.4167210443387978,111.6796047470942,3.320748637606553,1.8752016632773818,0.7478826286617963,0.46177691583661884,137.0346349435373,5.563647700520672,4.281013924974325,1.4999283749445276,0.9376957896645336,164.29852345574304,7.002721113839764,4.430061834091207,1.7263841530848854,0.946886554455078,279.78909906697174,9.527546109553548,4.57267210500309,2.524532382311613,1.6143193676623986,1343.2802766590787,46.61223694000898,25.264344453361435,15.67412342536461,9.891347623852779,199.6602044859318,12.431042681736606,4.526855714929754,2.567330084771633,2.7665699821944587,5172.963736270495,181.81528111273082,41.18855442608506,6.783549311214192,4.068022065444863,303.7918754279606,37.31074606069755,7.50546284663173,2.606356603233519,2.171350308213804,1,7
106.96611346281675,14.059337722851117,2.7414178407581655,0.8388159146712614,0.6395240879245717,362.05933357817526,16.619701018370876,6.4714901562625435,2.8416638187837173,2.3191406685965434,59.16191698628481,14.847517278057884,3.415939018201479,1.1268748383866043,0.849110846604715,26.016242908060523,1.5352597223804574,0.7437873476137757,0.570220732061013,0.5116454442007043,993.1829220745898,7.971303250795551,4.722252108621968,3.5990269553747427,3.8587439471552254,61.64086763200545,2.9344705664518504,1.9012341066242315,0.936416935725041,0.6531651538528216,86.10085293247207,5.372523400458558,3.839813681124476,1.2771483308515659,0.9406024963753178,84.49831216557033,6.617632992430676,6.125714162428657,1.9586617837820992,1.5690866643574972,43.53664076962534,2.557817817817523,1.8138770466873675,0.6615071938794947,0.5745443373748034,466.41976739126466,9.949478483597977,6.017135746931075,2.828413289902187,2.6844981452069248,270.89317022774776,11.851627170229818,7.100419147674123,5.188594768392421,6.56136037320759,100.43225636768551,14.489505798552946,4.177867461689639,1.5409634495869624,1.4590773306051033,518.8723579515733,34.91221251081522,14.602742448179102,7.142477743088926,7.462545452315247,155.17181968672577,33.031873830542985,7.757224440503283,2.4506020507900335,2.1500604632460902,1,6
188.64078738021396,11.171857175321593,2.9918401226733664,0.7999211925379501,0.39046977562623136,253.0871707551684,11.654766033556294,2.6360607229809228,0.5014635994050715,0.2141398375193808,27.39481518132897,3.9830622606423867,1.6505861670082995,0.5540394783580355,0.22434370494565906,59.535157978289185,4.915921633293759,1.7222324070492525,0.550077451621921,0.27799710535523153,33.92685998264875,1.859100203363734,0.8282030185548493,0.3442451844855596,0.19250613488817703,16.271199579539786,1.7694619758616257,1.0557782586419917,0.35919055270993505,0.18053448234020444,21.85739158562188,3.276947111133383,1.7567946578586806,0.47208005804479936,0.2077466984936944,48.8642845643597,6.478968376892626,3.801437936652776,0.830237215827145,0.2816719894014631,56.90732116032042,5.15966598651958,2.8364687751859003,0.7555086750635882,0.2991048244971893,132.24148395358682,9.856515414237448,3.6849215551446237,0.8321546284027502,0.2900900443662404,9198.516316540214,144.1800024979469,76.8636968151514,39.28250093137802,12.81494446525089,156.92310833555467,7.678217666370454,2.749663919317121,0.7821717178716315,0.32520562785237284,1317.7426750288457,77.98203163537862,16.138709317790237,2.302283038783455,0.7287223655607782,4395.1800293737015,79.26266052221641,23.02743510255921,2.7847417423721885,0.6435449633174168,2,8
2100.6149679865216,104.80228456042721,13.101867364981656,2.2797412642377624,1.036155599715488,5409.070896828844,345.8182883669829,133.91515055218596,25.913548308278592,5.887391191105242,1224.0999742096992,10.48174776813333,2.0918582271733097,0.7226567106379183,0.3319742707722235,195.1183288296203,9.575554661181455,2.1834983625807904,1.3494071995495993,0.9663628573544897,761.6850215755342,11.660583416429992,1.9050837054325145,0.6671944788446518,0.39388119682721456,111.38068636834993,4.910784466572382,1.5455788697611161,0.5196101683945655,0.2795324918866912,106.76987645806666,5.831560963326469,2.16352080130657,0.5236864500732306,0.246017894570625,839.5039191513907,23.49772274051367,9.7640633097907,2.0203758616733154,0.6167354465217832,124.14065048393147,10.017032881224567,4.490221432215794,1.1894664001843736,0.47392500934573933,165.31801313698702,11.627969676801715,5.435520761154726,1.5380185171885408,0.6916001910853602,365.14250183666564,23.625642823772154,14.75069837290092,10.992790381532954,7.541178114534115,336.62746641846616,18.004325920849286,4.406037859540123,1.4237750126096862,0.6017634013217319,3001.547084372219,88.10433409575973,15.334124786766019,2.928742266026009,1.252872262045918,1410.955507618049,54.82224145095679,8.557847753944683,2.164800896596552,0.8778044045325248,1,6
387.48411085922834,17.447959537465763,3.111945545462269,1.1587138830023913,0.6057826448561932,13076.703355109978,192.36088646230607,10.580029955348909,1.478384072825855,0.4916664274708501,397.012303016828,54.4026769174498,26.151108008445195,4.68974619558376,1.360796051465438,308.2715564690309,9.653583073648951,2.104777119332944,0.8004313235214041,0.4550620774372272,66.911109406785,2.6201353572313995,0.9815635962277445,0.6738016527228409,0.3595161387723458,205.48999144436732,5.404302501056488,1.7109980626308086,0.6212730908120904,0.2851417852740344,28.974145242395515,2.22236126304197,1.267369005711554,0.6283335434406332,0.38929905610449567,37.35541068116402,2.959756800555224,1.538219473411609,0.7690839917484888,0.40834377351540196,46.42348686352468,3.5895048443157753,1.8346419268972205,0.9467787233039636,0.5237417929477833,303.38272488879795,9.769380202372176,2.962614952125781,1.6361465093046974,0.7564522162299012,149.50136229463,7.733968383654799,2.3199330159654057,0.9301709312370067,0.5274921260416646,61.345647439163535,4.57932948257712,1.521413188147671,0.6933593016211005,0.3330439753580384,17888.0304789923,375.5825389213913,67.0256676352138,10.187414785454427,1.7331705962114503,8876.536194417273,247.34124269278755,44.18338224934648,5.804579081376631,1.5356393489127647,1,7
9404.275526906928,227.82613746857248,37.701950307730854,7.682894676223147,4.997339996271736,41181.19119157856,1019.6339305020081,260.378386733428,58.197393343210834,10.926731741586014,11038.237402911433,311.2021783968894,124.06561693643002,23.114616755076153,8.742450286477938,22311.010824658817,963.3399189105544,469.7218346803435,73.69736005329158,14.165011155306065,184103.0591729061,9566.529588033696,2547.864860780288,305.9087423744204,30.353417798079313,5680.925987231779,286.81742846663593,40.67223499358915,10.244565987513027,1.9595202191483452,10449.643534043038,194.13132830975024,45.5366054781468,10.732998562256274,5.27907036517725,7266.404741788314,181.79486148467174,36.177484776009,7.382740007409558,4.54297580975259,21803.667813448108,668.6109852081033,185.00738518266448,52.96746792718647,11.39393595784194,53593.39507380952,1935.7896255602375,654.9694997018685,155.34198764013138,26.64851874396409,35538.74595007861,1564.8839102930838,435.95189688517,111.33105384407202,51.23363418224095,32635.901971130712,754.6350893447832,256.6210436797182,65.90519288374209,13.386552916494791,37183.40806379799,1998.0093291301264,659.0196821671525,113.61834468245905,30.94580234992841,8987.745830528243,253.02087954013476,41.714376393380334,8.297617967866039,3.5281754865972728,0,5
194.11472951934041,6.691121925481078,2.602904677908075,0.6003611517052914,0.30992896670640585,2223.6858504316356,37.72833517137621,9.430194839573884,2.236990410824795,0.6399780839643265,301.12684899569604,4.36634090038871,1.903851589662416,0.5306645732515592,0.3001763963507265,39.15798063885026,1.4106040099629935,0.5947777309790628,0.29895845962719453,0.25902620242774727,205278.26585741522,10558.31607036604,1951.2367897170595,416.482547106266,22.00267838623719,565.5437540448864,4.35730049994503,2.7249546590302463,0.4510728944274341,0.24307361212864248,198.56040466877087,5.606957637070655,3.5963801111169036,0.735107108367627,0.31616452594250716,159.87471410914517,4.978731872224226,2.985188632635038,0.7439932763629288,0.2924465387020329,577.6937237664598,14.27787182398801,4.742941748651486,1.1428767783064582,0.40299551857940885,322.6332177910337,11.455036018839927,3.8815926959289873,1.7060162863187918,0.8187502698003783,2157.999540992539,22.009494916571224,4.460118812276007,1.0256811808344892,0.3491475497591579,328.3026148570597,6.938118433852419,2.9552060790807904,0.708231711781881,0.3071605703133033,1985.5089760293122,24.210908847770735,4.2680526688062415,1.0228782333333637,0.5280828963116783,222.95578173553773,9.082796611986836,3.3527628317533655,0.6851648823383674,0.3158331877452109,2,9
1052.1954599023354,24.541712770133543,8.59441432704218,2.0381105085779394,0.5122726692131094,1029.3946820346166,24.65951633356173,8.323831403192512,2.1731840419587507,0.5722074429984524,11045.583433894275,432.3015219897238,130.76208508066415,40.69227554771938,9.869168446599884,1048.009194706592,22.595873015864786,7.557067530597939,1.9362733848264027,0.5060858036322344,1368.175626864144,25.160407058138183,7.322326643345258,1.9993003152656996,0.45282141880126275,908.0214114137798,20.575733769589842,6.807042403168256,1.8220511903365577,0.4904536361835536,1076.0329453613788,25.943742954798317,9.264394767120024,2.4893756939981215,0.7097663053652358,799.2385292016942,17.81548123714839,6.319365633237184,1.7039765488873324,0.493094320474434,1011.0802366676614,23.049845449807435,8.150179880346201,2.08061355096561,0.5392954417483363,1334.3413719680204,32.297420340782644,11.639856487003442,2.875925405664621,0.7215204024819257,1306.0153117474015,31.125640323037285,11.58593585834825,2.733830114264745,0.6813739972969064,1271.9246372683215,30.54471918237914,11.058140882568095,2.6254521168198273,0.652556282284481,1157.2560043736273,27.72070200578132,9.9745843164,2.4942811811633043,0.691008917132241,827.0276955044856,21.205215833197226,7.849966826916259,1.9307984006512815,0.5081942777187795,0,4
410.5201245499683,23.034461099587155,3.1636487688172608,0.9817490265275278,0.6069553634552449,1854.1160738161461,68.39789574298037,40.72786093335773,20.70692913521898,10.850491217054621,85.89733219395441,4.5886102766640695,1.3566078352283932,1.229610753002936,1.1068209689700632,91.86323885787745,5.973940191236709,1.652721010990447,1.8549454874613185,1.6264298791633869,2123.1555628300625,18.6590788685462,2.107031602103854,1.3195901569262394,0.8902758417539697,28.956353734160206,2.0339904883848594,0.8522425834852515,0.4824905641475016,0.27704618355879085,269.6030905557321,4.3767802175812305,1.472846262512194,0.6530019580584309,0.3443569290774653,74.96748728015113,4.320518977123125,2.2235106692730553,0.955411022368564,0.4092586065994748,125.37664210012673,5.478124952223692,2.3521732416871006,1.2435881302624248,0.5801815790220408,915.5699467633364,24.511312558450005,3.8443563721873004,1.5321733036846612,0.6849717292299411,554.11733491393,20.3121725363093,4.30912617864384,1.6812945009009006,0.9566483986739838,392.1582798402795,34.23092603578728,22.374622773615574,12.159189095082462,5.457836466596712,1457.0180975914468,58.9868290670775,9.793854142593885,2.290685762332645,1.217288828777517,2721.534839604551,24.111527136619667,3.156397609412877,0.9722307688412225,0.6496168306864116,2,8
98.17696345413542,7.597897295866024,3.207808165737213,1.030024438741506,0.38638603886082096,695.3216233521781,13.650197891392718,4.196774535564638,1.0824464835714014,0.3709807253579067,332.59192242871785,82.76519453488514,68.3377738207772,35.7447341098069,10.196440823528416,65.76176780285903,5.556805711707884,2.4335259135569087,0.6573528829477823,0.2133355389048359,58.33771485554746,5.273954459017239,2.1019477089237264,0.6154233375956683,0.23483317712503882,48.75641216329213,5.202599894887955,2.2424253463528854,0.7000808508872299,0.23433699645947953,200.05487907604092,3.0522370266493435,1.4171829817222843,0.39623604722375955,0.14554524682428335,104.96322896991157,7.910961615497799,4.69421813861273,1.1625809985348161,0.2951992548628431,66.96716511721935,7.6596625167626575,4.368397761584531,1.0851350052448672,0.31038888779411533,183.86104786243106,10.199740845847591,5.031094771517844,1.0965586333143276,0.3314471937635205,132.18886281818828,9.980778071198023,5.173851224627879,1.0895161913336564,0.3028695329085209,162.9326072812794,8.975873336744803,4.458596092977867,1.0287349117214826,0.293359580400793,242.12729790078458,16.026202517570763,6.856295407503455,1.6735813954567897,0.5237994035631148,330.7031576706541,18.1874811757342,7.572166072648368,2.6533577839440863,1.0443865766616738,2,8
196.58169113523059,12.545176987053848,2.2215620041723536,0.655328480880745,0.36012544278528186,250.35109970407728,10.67927530923884,2.721117933411758,0.9096796962507346,0.657386243912263,119814.33493189517,7540.970460223005,2439.3565760232495,422.02212699105127,63.109890428454484,185.65803973568458,7.005673446692534,2.4313679141375757,1.2560969436734855,0.972175157171257,223.60682790561034,3.746912423691018,1.5098588347954083,0.7155459722263817,0.5484491842184543,121.5415977109376,2.6566855662561157,1.0338710902381099,0.35479607655267975,0.22185621786643098,152.51982343200555,4.880178241491675,1.9236821848151353,0.5978692948789655,0.3105367403289487,190.58783715328204,5.236864487374732,2.069493751442782,0.5863406275941683,0.291060051374689,446.47201372225084,8.213059576071249,2.737017317169676,0.8048573840188329,0.41861304581333303,192.9373276611937,7.9312779254061825,2.9479153182301587,0.8875324473333064,0.4530607571607054,241.41271307468963,12.075385086500436,3.4621698829304104,1.1287836768298036,0.6397908020819348,270.33078477219794,14.345125184973275,3.164029505696087,0.9697354010737115,0.5067563110288833,423.2173356758922,22.29025868144892,5.0138397414491775,1.254789430222127,0.6215855181318153,367.91964632313585,27.695148069284116,4.796157181370526,1.1465730673010675,0.4068800058856712,0,5
100.68498984365618,11.872997352509225,2.5147034664316923,0.8083287693819452,0.4629880067467117,484.93108715061345,29.479799772719655,11.229183164358002,3.4493433308679644,1.3337519977612746,566.7094754811936,103.48073144747076,62.667633070419356,12.226863478183168,1.098744128061868,114.5071278255783,4.181506361699476,1.3868498542708847,0.6482173141456337,0.41694929740672343,62.05216123520872,10.031227977763475,2.4214020521635877,0.846485393885477,0.4872425234144488,17.145209122670202,1.9636335027755811,0.9363771835937587,0.45025611573301044,0.28403603751150724,27.281659767952043,3.188593905874452,1.2363989947139882,0.5048508720052883,0.33324158188254455,45.10410503827954,5.292653769130663,2.945215902196988,0.9511688037484141,0.562196750181947,49.33091983429468,6.299843029836726,3.665643578606725,1.3300667389457659,0.7740385573767662,58.05829612857919,7.355646213695845,3.6362125066802835,1.434809511669416,0.8346444849634727,130.1951760697726,11.631186978524225,3.55936200458942,1.0767008182962536,0.6009380040128747,65.18549013506994,9.533489558792859,2.4563253457355816,0.7322503090768839,0.4172824125624072,258.5445630977023,20.515266431206097,4.849911608075759,1.2439461010676631,0.6341430574225055,96.62683194967879,13.265141463073967,2.5291318615714773,0.6869004314071182,0.3630483122385613,2,8
2592.3669803301664,626.6208624931414,314.17041200763725,101.98650233296637,32.611814926970645,158.40565489038158,6.009248740774267,2.2786357558113384,1.7321227454857888,0.903518916484752,97.81091607648099,4.711239255730998,1.6193230909212644,0.7540220764858212,0.31638940880774097,162.77795342184615,2.3729276292463517,1.1124843679718153,0.7586102040549694,0.3701264362765549,66.60423244517179,1.773902269366784,0.9163186892448555,0.5362278481274726,0.27161094559898485,77.05244894335705,1.7684387056894915,0.8707193288815195,0.37493364464765805,0.18236595241851866,97.2769618227072,2.8578635066100326,1.4785739226977725,0.6266684464493391,0.284374635493383,97.77301906251952,4.4533345954804995,2.3864398304415335,0.9100881194575222,0.3592384701880855,96.90789559293876,3.076071330193932,1.5801238504201285,0.6153899119117423,0.25401625465258015,131.57711581093733,5.406228645759054,2.569431499655676,1.1136373704301445,0.5254974021743254,163.23266503360728,6.995946188383344,2.6441067541964207,0.9757715944494728,0.3893468464026466,160.8507326124899,7.665341810300784,2.050184596446748,0.8845922798377658,0.3592499081031177,279.70064533546343,12.884316943552792,3.7720787777848077,1.4917094815761744,0.6627315662129003,138.11839926440422,10.045146307423561,2.4766644580792954,1.139390567040995,0.5238239308539964,0,5
635.4278813971624,37.535617538744475,10.217301858890021,3.3258875822451897,1.1395094307121898,222.69455332995784,12.459638638939476,2.9024940187823445,1.0115062899726837,0.5301703006568012,17.449277253165178,2.2030178045178546,0.9156113411644742,0.46058450150153374,0.22070144395407335,42.67296729597621,3.745804879912199,1.379014303240872,0.8666784115752869,0.5085797563054929,22.580765677617933,1.5859339976691755,1.0303748572050937,1.998041051569295,1.5746881396451728,21.873111175628125,1.4847558572335449,0.9515192828295352,0.6351905332418205,0.41665300157099017,17.316539115001575,2.8738756161994385,1.3327467938508237,0.5775963873898048,0.311273291721099,217.39458131836378,8.442619437445517,3.2558932885612837,1.015661467445284,0.37621476825968003,46.47021217228381,5.652807007239736,2.568029730603477,1.1483465626679459,0.5432212593056605,73.5980569006681,7.254313662709677,3.055843245063103,1.8109121778747217,0.9458780003193088,146.65650844461013,11.641773154322978,3.726202475465947,1.6363121705416317,0.916713355636368,481.6297218752575,6.852926114115712,2.3837893120045273,1.0273315013703659,0.4500601154646739,342.1385672718928,29.961981635613135,7.112514482888655,1.763098753437653,0.7408172774256379,121.18530910190255,10.108118366573272,2.806708938425944,1.2727075378148653,0.6716076991716464,1,6
1234.2921031128524,52.13800962152063,13.1645827470259,1.6004742501508953,0.4251573953926963,210.81142953266783,11.141839145850703,3.5709856892308207,1.4877985485808967,0.8224196475819503,147.11364832173965,6.688540181022572,3.9352299087019706,1.2471928609533365,0.41728720899557437,142.6172990345536,6.419947403402911,3.4659817694940074,3.1606917204527742,1.9798941464653057,126.61331375275873,6.5761194960189835,3.569230617254387,2.143948063526487,1.5611784575395824,137.63499799011316,3.3866925973347235,1.3294099418752587,0.5324911062913033,0.2554021036893375,209.31044594874058,7.010812961538807,3.0619806166753323,0.8712734117764018,0.32146095224281307,138.9199647479998,6.014322766789466,3.5969068007625564,0.9775860164711588,0.3184263755311747,168.96837243634835,5.715828217353807,3.297545626002278,1.0417217355166408,0.32539451499660466,316.03911814657636,11.935894225191554,6.116928649493786,2.7552054450641967,1.1466801641312676,278.9827345946128,11.553632603323946,6.44502447932571,2.0845708106148297,0.7807774864936982,217.19315530238,10.415834562890149,5.674180561930746,1.5555803038422569,0.4218481345939917,327.3391460310164,13.088701478241312,6.242691067517856,2.265457339643872,1.0001291106779915,205.85926078631033,11.408025343360354,5.939206768513468,1.6871016597714648,0.4554411512513907,1,7
34388.54554318089,512.9010764748718,130.6660075226214,22.157505764247674,4.401099995773107,31301.69067727143,524.9100874923186,141.9712539399968,23.881541617887187,4.7851212324240135,36070.27826861374,519.300146337662,131.58201391969143,22.98677542389617,4.71549672106819,32672.855472272262,519.0686372396024,139.13888091034607,24.570543737825943,4.717220279763634,28236.325106414264,475.3660793080164,122.62861870022621,20.23959955567269,4.269785707344364,4717.629615600237,122.03785727252401,34.81678124583159,7.339799752900801,1.4137278850907693,30406.53035896754,430.6827100148958,112.03094693643611,18.536507529424494,3.557938451451015,28956.343505744073,427.8570154294417,115.46199740433543,19.325101484116257,3.7043323226990545,26605.38477779797,423.4163514074605,119.57470010998499,20.290135972264864,3.5640172888782793,40197.82636795447,1020.5014727658048,247.00166394375492,43.74537215358813,7.776850453506291,36411.534619444275,576.1170686930395,152.75753027166294,26.994523294840942,5.273167066476192,34765.37657043257,532.7163518080953,138.47678871474452,24.333215971934848,4.593937743185784,32686.455160327158,478.83490933011933,123.67382116512631,20.630730055817235,3.6527666032721817,29792.67331754862,454.21888659175187,117.85213620442406,19.567457930348173,3.609660567015062,2,8
671.3892905069625,10.286245157579293,2.5904606724143786,1.3970532920367518,0.9498760932896938,664.8999902428662,31.289789933076868,5.517403958574316,1.352745063318351,0.711371939617244,161.8357585592424,5.68560201933296,2.3372253995939647,0.9816304364876114,0.4962206885993897,1404.9909683940048,28.42074008376166,5.096932772122986,1.3303594617843992,0.4820506747567429,345.09702834640603,2.7096336696974026,1.4109605200106878,0.9715917851518495,0.7403265218644499,81.34165243672713,2.8512456743321786,1.5308306171812802,0.885361086559308,0.6044242731122359,105.46273804174572,3.5478204902986104,1.8706787804711331,0.6521059310043943,0.36125295768761506,194.59163980632533,8.319883742891648,5.324314233989353,1.3549459907292118,0.6039063910149808,46.78181122192795,1.3695448200423515,0.6102701960576693,0.20974124099718813,0.12691574050652282,513.4760253839289,15.045425881586945,5.737069403929731,1.4399799485389895,0.618108081504969,542.5862564002689,17.576655259752393,4.916450735338359,1.2600446894475663,0.6150302729324273,151.03264430344362,8.84695989475654,3.1807274521064004,2.004270063066661,1.1770029159144086,1223.3606356240657,59.71659069442145,13.294728547440398,1.9433505682488734,0.7231616670366144,2415.658615405031,55.51501200094557,10.98620369003405,6.732683176366336,3.8189106605849235,2,8
325.8646346554688,16.823078131851343,3.842115622605754,1.3944893478204416,0.677455006108721,2058.1993658219326,144.98712164345508,67.90861529682373,15.436524600738611,3.0285104568551398,897.0154179878002,91.7077521767053,46.598374544830676,14.874631013692309,7.330321235247776,45.59226626541262,4.068842578048823,1.955232500266915,1.2226276816102732,0.6233771370963304,73.15089208677988,3.9949688104675323,2.404962486906175,2.7150672578449906,1.9514835782825293,31.543808944147912,3.1085363186923747,1.5817379794000475,0.6240044131715156,0.39799469250248426,27.801725281887812,4.059460432712511,2.081689325295947,0.5298667367616905,0.24531036032108572,58.664441470111186,4.54394537942386,2.6564448181393385,0.7522973762953183,0.34328986058417005,44.647126229480186,4.9630531282628665,3.2109022407621794,1.6849358603835807,0.9610763725706479,113.92890532816136,7.539206850072997,3.7913821361746374,2.0520368833247034,1.085543830824873,1817.9589184543531,78.34020754936383,23.093650738089387,5.117628814672924,1.2079953137515849,87.86661975697851,7.360565011929418,2.6818132309662293,0.8818953433153605,0.36088662650735226,461.839389868754,21.580267369082705,5.517021500917192,1.2740957617769888,0.6178960882816419,1385.378144651506,12.906610825157387,2.894482324024315,0.8500825093588148,0.40059656731882043,1,7
187.57837843878974,10.612668316477636,2.86952199428696,0.9528724537345188,0.3721161607367143,180.27308903532818,10.153858125676448,2.3178892692887234,1.7227765965869817,1.335327075163934,42.693850102417805,3.159923634768009,1.3133964373660485,0.6191609082224155,0.30692955531703514,46.847041641621615,4.279931008238989,1.735110450777728,1.4530693700131558,1.011774230304906,269.536194612091,5.0182369057642155,1.4147167290062963,1.3485515275060678,0.8024423420531375,32.58948710435458,2.60096399018129,1.368182916352274,0.7230963042220685,0.4463699714111888,329.6876220034636,1.5263956554431943,0.835485038855024,0.4929988784979631,0.36654659113974647,44.901647100494095,4.223880579280901,2.980417611502162,1.7007641631540826,1.0454095715257083,22.88332374948466,1.818824174010244,1.10583837901318,0.6334476269973258,0.3953476642681657,428.20206919724137,8.947480892124874,3.3258702019177893,1.6634604042740606,1.0199740101710102,85.01860587250704,6.964049049320938,2.7942993749706933,2.1022362279178695,1.538401332499338,225.8465603765885,43.25484700304295,22.001973790241305,8.250111660166903,3.411193430770626,191.46910395574403,18.24742066447374,5.122669554412586,4.406370072665587,3.89288983719862,2427.5049808477497,139.99621483949267,38.175147921287284,9.225557844580134,1.9643202436624394,2,8
74.87250416529774,2.932430997444658,1.2931868209432649,0.302488492355435,0.17133481045688345,625.0534387134777,27.145213434013506,8.512211114961874,1.6070922558056273,0.4712560653379737,41.073230688320855,3.9537892137235673,3.3108531154830447,0.6784689924916145,0.37826230276784933,22.462416334809248,1.1095033798329248,0.5473197542656485,0.15805868072249538,0.10456253971321797,70.44698139653508,2.3388684844772327,0.9903470679814852,0.42229710095338024,0.2492743184796333,30.96161520531179,2.1431823671447265,3.0175338448540474,0.4346102955718705,0.1870545844119385,38.704311032242686,3.4043435119049708,5.935157348756477,0.7590916984963137,0.33088996310195384,80.28796911932412,5.9432236239135205,8.79071654708013,1.316676372557367,0.5097505521167559,90.70975923053447,6.070097782219837,5.787447601639588,1.0896634821366913,0.4253489861954541,164.42852016253033,8.710080389833285,4.206408916498105,0.9784599927369038,0.4080619467222372,273.0926902677973,9.306307185411125,3.7585903607821334,0.7073575971287301,0.3191424114517329,230.38123134048703,7.369475724726424,2.4301042513073443,0.39227148827102326,0.1602503766454229,762.6662301551183,38.62291046805505,10.290121748216132,1.7270252705341722,0.6160033737291963,332.7202981870746,18.542339666525518,6.599669003405119,1.2473986547068256,0.5427612010462302,1,7
